{
	"pages": [ 
		{
			"path": "pages/index/index",
			"style": {
				"navigationBarTitleText": "首页",
				"enablePullDownRefresh": false
			}
		}
	    ,{
            "path" : "pages/my/my",
            "style" :                                                                                    
            {
                "navigationBarTitleText": "个人中心",
                "enablePullDownRefresh": false
            }
            
        }
        ,{
            "path" : "pages/cart/cart",
            "style" :                                                                                    
            {
                "navigationBarTitleText": "购物车",
                "enablePullDownRefresh": false
            }
            
        }
        ,{
            "path" : "pages/goods/goods",
            "style" :                                                                                    
            {
                "navigationBarTitleText": "商品",
                "enablePullDownRefresh": false
            }
            
        }
        ,{
            "path" : "pages/auth/login",
            "style" :                                                                                    
            {
                "navigationBarTitleText": "登录",
                "enablePullDownRefresh": false
            }
            
        }
        ,{
            "path" : "pages/auth/register",
            "style" :                                                                                    
            {
                "navigationBarTitleText": "注册",
                "enablePullDownRefresh": false
            }
            
        }
        ,{
            "path" : "pages/my/baseInfo",
            "style" :                                                                                    
            {
                "navigationBarTitleText": "修改个人信息",
                "enablePullDownRefresh": false
            }
            
        }
        ,{
            "path" : "pages/goods/show",
            "style" :                                                                                    
            {
                "navigationBarTitleText": "商品详情",
                "enablePullDownRefresh": false
            }
            
        }
        ,{
            "path" : "pages/trade/trade",
            "style" :                                                                                    
            {
                "navigationBarTitleText": "订单",
                "enablePullDownRefresh": false
            }
            
        },{
            "path" : "pages/trade/allTrade",
            "style" :                                                                                    
            {
                "navigationBarTitleText": "全部订单",
                "enablePullDownRefresh": false
            }
            
        }
        ,{
            "path" : "pages/address/address",
            "style" :                                                                                    
            {
                "navigationBarTitleText": "地址",
                "enablePullDownRefresh": false
            }
            
        }
        ,{
            "path" : "pages/address/addAddress",
            "style" :                                                                                    
            {
                "navigationBarTitleText": "添加地址",
                "enablePullDownRefresh": false
            }
            
        },{
            "path" : "pages/order/order",
            "style" :                                                                                    
            {
                "navigationBarTitleText": "订单详情",
                "enablePullDownRefresh": false
            }
            
        }
    ],
	"globalStyle": {
		"navigationBarTextStyle": "black",
		"navigationBarTitleText": "uni-app",
		"navigationBarBackgroundColor": "#F8F8F8",
		"backgroundColor": "#F8F8F8"
	},
	"easycom": {
		"^u-(.*)": "uview-ui/components/u-$1/u-$1.vue"
	},
	"tabBar": {
		"color": "#000",
		"selectedColor": "#1296DB",
		"borderStyle": "black",
		"backgroundColor": "#ffffff",
		"list": [{
			"pagePath": "pages/index/index",
			"iconPath": "static/icon/index.png",
			"selectedIconPath": "static/icon/index1.png",
			"text": "主页"
		},{
			"pagePath": "pages/goods/goods",
			"iconPath": "static/icon/goods.png",
			"selectedIconPath": "static/icon/goods1.png",
			"text": "商品"
		}, {
			"pagePath": "pages/cart/cart",
			"iconPath": "static/icon/cart.png",
			"selectedIconPath": "static/icon/cart1.png",
			"text": "购物车"
		}, {
			"pagePath": "pages/my/my",
			"iconPath": "static/icon/my.png",
			"selectedIconPath": "static/icon/my1.png",
			"text": "我的"
		}]
	}
}
