{
  "easycom": {
    "^u-(.*)": "@/uni_modules/uview-ui/components/u-$1/u-$1.vue"
  },
  "pages": [
    {
      "path": "pages/home/home",
      "style": {
        "navigationBarTitleText": "首页",
        "enablePullDownRefresh": false
      }
    },
    {
      "path": "pages/goods/goods",
      "style": {
        "navigationBarTitleText": "",
        "enablePullDownRefresh": false
      }
    },
    {
      "path": "pages/cart/cart",
      "style": {
        "navigationBarTitleText": "",
        "enablePullDownRefresh": false
      }
    },
    {
      "path": "pages/profile/profile",
      "style": {
        "navigationBarTitleText": "",
        "enablePullDownRefresh": false
      }
    }
  ],
  "globalStyle": {
    "navigationBarTextStyle": "black",
    "navigationBarTitleText": "图书商城",
    "navigationBarBackgroundColor": "#F8F8F8",
    "backgroundColor": "#F8F8F8"
  },
  "tabBar": {
    "color": "#000",
    "selectedColor": "#2979ff",
    "borderStyle": "black",
    "backgroundColor": "#fff",
    "list": [
      {
        "pagePath": "pages/home/home",
        "iconPath": "static/icon/home.png",
        "selectedIconPath": "static/icon/home-select.png",
        "text": "首页"
      },
      {
        "pagePath": "pages/goods/goods",
        "iconPath": "static/icon/goods.png",
        "selectedIconPath": "static/icon/goods-select.png",
        "text": "商品"
      },
      {
        "pagePath": "pages/cart/cart",
        "iconPath": "static/icon/cart.png",
        "selectedIconPath": "static/icon/cart-select.png",
        "text": "购物车"
      },
      {
        "pagePath": "pages/profile/profile",
        "iconPath": "static/icon/profile.png",
        "selectedIconPath": "static/icon/profile-select.png",
        "text": "我的"
      }
    ]
  }
}
